X,Y,key
208875.191449263,162195.545636711,"1"
208846.404864763,162348.29031052,"3"
208819.285513059,162254.530643964,"2"
208914.530931297,162568.209318629,"7"
208867.027993284,162523.282916759,"8"
208867.349935464,162434.079045557,"4"
212894.768586104,169017.615440107,"13"
212863.528264396,169162.272865266,"15"
212884.695238441,169105.413592814,"14"
213458.11976874,168317.400441568,"17"
212898.558621909,168965.15958588,"19"
212924.401196745,168912.381840682,"20"
212968.675453623,168823.053632424,"21"
213019.450936714,168739.89636816,"22"
213097.508105942,168684.51729918,"23"
213160.278830605,168622.496819741,"24"
213206.51384967,168555.50266546,"25"
213280.698934593,168494.363207308,"26"
213349.465082325,168460.831457183,"27"
213408.905375367,168386.177379429,"18"
206929.500794087,163954.770465841,"28"
206686.052919981,163878.059896684,"30"
206894.472890092,163941.387822682,"32"
206835.757807469,163926.837969311,"33"
206741.788074501,163897.558147552,"31"
206667.521066598,163861.793432639,"34"
206619.479626356,163794.568994158,"35"
206651.700237338,163824.39829265,"36"
206611.226370098,167765.001211222,"37"
206303.742330659,167974.294805566,"39"
206327.132147304,167928.490373305,"41"
206353.276202143,167852.312873378,"42"
206446.266046132,167818.745030313,"43"
206541.663055091,167788.98108184,"38"
208480.661510079,169788.199855722,"44"
208425.753985584,169742.584130495,"45"
208731.758143313,170019.781899281,"47"
208529.899125905,169860.725856008,"49"
208588.211849796,169936.754353842,"50"
208664.299431879,169996.545691473,"48"
209509.224095874,161226.534334128,"51"
209533.460243576,161356.428173664,"53"
209510.099198662,161278.421244156,"52"
209520.552459914,160843.952869074,"55"
209532.862060042,161219.237634043,"57"
209565.814179259,161186.13691241,"58"
209554.381432126,161090.691483522,"59"
209541.226922699,160992.689039108,"60"
209507.913322469,160903.632636182,"56"
212671.355780048,169251.724480514,"61"
212652.747797147,169318.547461528,"62"
205255.790058069,170099.991600027,"64"
205222.458088279,170245.389184362,"66"
205169.741715841,170164.036840537,"68"
205209.913367236,170115.492190036,"65"
205366.351580993,170544.008802198,"69"
205321.085622995,170503.673825091,"71"
205310.939229766,170414.809014394,"72"
205281.778447585,170325.802995475,"67"
206861.536450905,172251.613574742,"73"
206407.067075863,172131.901345526,"75"
206491.762745871,172172.048896957,"77"
206583.614087365,172206.124521776,"78"
206676.892112345,172232.777477058,"79"
206775.129406553,172244.650640071,"74"
205459.868007168,171710.532778028,"80"
205678.312137403,172018.875334028,"82"
205644.734427035,171980.735844144,"84"
205631.594742159,171908.512077824,"85"
205577.003668252,171841.877814266,"86"
205542.921124355,171781.5433171,"87"
205504.725407674,171734.081648359,"81"
205117.58533886,172252.292958674,"92"
205552.654753425,172233.253119449,"94"
205155.467282513,172269.966984144,"96"
205215.445760755,172292.561311793,"97"
205307.731436146,172302.454326723,"98"
205402.957136807,172286.222981013,"99"
205492.96515992,172250.125929451,"95"
205730.277354153,170741.827523512,"100"
204812.668848341,165583.862738058,"105"
204858.942744181,165592.169704234,"106"
204723.657517376,165475.50091466,"108"
204762.710305163,165544.787224364,"109"
207313.91754811,170123.229891303,"110"
207423.223562439,170241.325301218,"112"
207364.046427746,170162.958582292,"111"
207490.771793365,170287.662141768,"113"
207521.422260907,170820.870599534,"115"
207463.811313118,170830.960454171,"116"
207286.613009283,170864.656809365,"118"
207370.309479089,170866.042405017,"117"
207487.914621315,170312.334587108,"114"
207242.454391591,170814.065796326,"126"
207209.214720567,170750.824995386,"127"
207179.343132943,170667.089430515,"128"
207257.577454706,170636.627795661,"129"
207357.053627361,170626.411726507,"130"
207430.519580588,170594.106914509,"131"
207424.175095776,170498.950616955,"132"
207411.945360032,170399.703549005,"133"
207420.731961044,170318.77576456,"125"
207365.359915121,169896.185785583,"134"
207542.118395752,170218.966855635,"136"
207522.897914517,170120.890981801,"138"
207478.098748454,170034.193711004,"139"
207415.491334477,169956.220033907,"135"
207555.614968379,170291.083341596,"137"
205844.969675356,170602.049488075,"104"
205770.471741848,170719.083568635,"141"
205825.758296626,170671.133987331,"140"
212113.086324873,170940.355750608,"142"
211732.11684263,170710.27117751,"144"
211799.362711285,170748.384923752,"146"
211891.998144765,170785.45843281,"147"
211982.09775144,170826.13077336,"148"
212057.814665067,170890.604410181,"143"
211454.364540488,170121.431316692,"149"
211345.784162492,170250.872930392,"151"
211409.408691482,170177.639120225,"150"
211306.405172134,170300.128894439,"152"
211912.223986097,169207.373500767,"154"
211441.899484224,169289.748739325,"156"
211512.882374441,169321.968480743,"158"
211608.51754097,169350.950446425,"159"
211691.531172586,169326.719215847,"160"
211774.476342543,169294.442779371,"161"
211863.091069005,169272.135643967,"155"
213645.091073104,170711.079946821,"162"
213063.330648665,170653.423234593,"164"
213117.901465055,170683.149994308,"166"
213200.802133893,170736.946907798,"167"
213286.313762221,170756.919251082,"168"
213367.345437744,170709.25272139,"169"
213433.930422706,170730.560648862,"170"
213509.096996677,170762.420967404,"171"
213581.011912261,170719.725768335,"163"
213831.318152323,169408.679760747,"172"
213707.375923003,169347.438169216,"174"
213757.347925323,169364.556463416,"173"
207569.025889858,159415.864936989,"176"
207307.828630858,159439.260879238,"178"
207371.275653603,159375.97186565,"180"
207441.810770931,159328.61417282,"181"
207514.915393297,159374.197280322,"177"
208932.137252735,171097.54992666,"182"
208511.501512149,170934.617586666,"184"
208596.028199785,170967.790507045,"186"
208688.982387989,171004.49524346,"187"
208782.284225918,171040.460792228,"188"
208875.748230837,171076.019083065,"183"
207637.003832452,169526.219204126,"189"
207321.671214485,169586.494808851,"191"
207379.005235751,169537.992153466,"193"
207478.341913529,169534.634978419,"194"
207578.248090955,169531.79610768,"190"
207279.541901156,170081.905597938,"195"
207262.749798783,169991.102449693,"196"
207248.697169844,169892.094925125,"197"
207232.297991204,169796.032300056,"198"
207176.193290402,169768.23121471,"199"
207200.793870593,169694.217026258,"200"
207267.835059964,169645.816238318,"192"
203341.172653553,164429.597282488,"201"
203562.302420983,164434.007833976,"203"
203496.28277323,164421.933106339,"205"
203397.307391933,164427.372816763,"202"
207758.561086823,169642.555483013,"206"
207814.560733122,169646.001198827,"208"
207794.137148128,169646.198548106,"209"
207578.559664456,170343.710193597,"124"
207535.23901117,170797.134541282,"211"
207548.396892802,170724.143406459,"212"
207565.626144021,170625.641138447,"213"
207582.490312908,170527.074157937,"214"
207593.847468475,170428.49139377,"210"
209530.125698756,170143.119611458,"215"
208788.717100686,170000.833741286,"217"
208876.916359287,170022.921679186,"218"
208925.213733077,170094.62800088,"219"
209002.029102178,170156.309106564,"220"
209084.652348402,170201.993672333,"221"
209383.445791814,170216.377923016,"222"
209463.866893264,170178.316115646,"216"
209153.622999233,170220.782426579,"224"
209212.58056857,170288.367465135,"225"
209297.196763343,170259.29800588,"223"
209617.825927424,160724.607355691,"228"
209647.517526544,160678.318971676,"230"
209727.493953286,160680.02707452,"231"
209825.050201405,160689.257670655,"232"
209924.217591295,160699.839207179,"227"
213158.647314486,170557.625165245,"233"
213060.135771781,170634.168809423,"235"
213098.190291488,170591.938400192,"234"
213503.52848805,170247.562071824,"12"
213209.963438142,170559.563669622,"237"
213259.579596843,170507.196353759,"238"
213320.221898466,170427.691620528,"239"
213370.277041488,170352.626926168,"240"
213445.633712795,170306.647673474,"236"
212424.115030825,166752.109574532,"241"
212287.715350495,166731.161336599,"243"
212350.430730185,166742.09167959,"242"
214718.274451347,170649.743797571,"245"
213917.10097685,170716.87845734,"247"
213997.810692149,170718.794297228,"249"
214096.300767704,170728.003898089,"250"
214194.581118244,170745.645493845,"251"
214264.755773683,170718.590578022,"252"
214356.069888002,170702.953713835,"253"
214449.782824619,170710.618770596,"254"
214544.764458072,170728.628593366,"255"
214623.632352278,170767.229608699,"256"
214680.013414171,170727.105214294,"246"
209598.96850545,160744.354509474,"229"
209559.615340919,160792.774115179,"257"
211038.754505864,158501.615883722,"258"
211032.351134884,158507.1260309,"259"
212816.684393092,170499.567300434,"261"
212729.33162324,170411.439981257,"263"
212774.163383859,170446.405640961,"262"
211314.916054668,167937.209217035,"265"
211350.627297021,168115.462800758,"267"
211294.96246791,168065.319187154,"269"
211258.40270176,167995.477364848,"266"
211389.378511992,168143.810301574,"268"
211460.67961538,168296.560088674,"274"
211430.91757102,168201.988887272,"273"
211454.365974146,168456.115139425,"276"
211475.918515556,168381.868826964,"275"
211065.5200314,168423.43726973,"278"
211126.667266392,168970.30093817,"280"
211092.907062046,168889.130386421,"282"
211109.130827859,168815.231525728,"283"
211184.451682861,168749.475290967,"284"
211245.840533223,168682.134469609,"285"
211199.97218133,168611.373147033,"286"
211127.827143076,168547.950777355,"287"
211090.378408964,168461.66731246,"279"
210976.533286748,169059.875613172,"288"
211053.979043582,169021.765821311,"281"
206358.29914068,172124.795687386,"76"
205578.594315337,172260.187166319,"291"
205593.984906697,172333.518909261,"292"
205662.229721448,172361.263456984,"293"
205760.726596319,172353.125918862,"294"
205860.212133483,172356.345347866,"295"
205955.233870952,172345.477367887,"296"
206023.900884935,172327.178681894,"297"
206109.093404435,172368.902004962,"298"
206193.834592021,172330.256475891,"299"
206257.625353378,172253.836417836,"300"
206319.385052148,172175.189775731,"290"
212250.316955384,166724.381058026,"244"
210363.93700272,165825.262626784,"302"
210439.498015373,165864.92242206,"304"
210526.713402799,165907.521467032,"305"
210611.84812111,165958.048983389,"306"
210702.23302141,166000.537349396,"307"
210777.862444134,166061.674025475,"308"
210848.457665073,166132.127265372,"309"
210931.136961178,166187.533916483,"310"
211016.800064171,166238.953341803,"311"
211106.476050943,166280.689946104,"312"
211202.477118223,166308.142977164,"313"
211293.931773072,166301.338347377,"314"
211384.663677495,166290.739991059,"315"
211478.030165775,166325.935804211,"316"
211564.14061621,166375.447205216,"317"
211642.572944578,166437.33330329,"318"
211724.833359678,166493.906329085,"319"
211814.400969938,166537.991554685,"320"
211905.982745996,166578.057204899,"321"
211997.712150829,166617.873766385,"322"
212089.428323781,166657.720445142,"323"
212180.799230464,166698.33811852,"301"
208465.086006757,170916.168156605,"185"
208246.905228755,170784.256818596,"325"
208319.136007351,170844.851953239,"327"
208407.384583706,170891.022054872,"324"
209944.083292465,168964.028819347,"328"
209722.520934495,169207.594201232,"330"
209772.837691095,169152.702765181,"332"
209839.840428108,169078.482556754,"333"
209907.42786689,169004.782184732,"329"
209905.34300556,168887.723144179,"334"
209947.365469372,168931.20015967,"335"
204090.899950049,164284.795165085,"338"
204092.289951535,164342.8319177,"339"
204566.296675399,165178.230474276,"343"
204527.664174518,165085.995615541,"345"
204488.801694314,164993.860315845,"342"
204689.478178412,165409.614933216,"346"
204648.746331694,165352.516170184,"347"
204605.045699541,165270.416407914,"344"
204100.113146594,164408.836590626,"340"
204177.092856344,164559.812434239,"349"
204131.296460047,164470.915890703,"348"
204377.330171929,164868.839528728,"353"
204316.360289746,164822.422011505,"354"
204267.976694762,164737.86428488,"355"
204222.521983493,164648.884810339,"350"
205676.575515982,170754.547806152,"101"
205630.468749187,170817.312957101,"356"
206136.052065799,156697.782011081,"366"
206277.892675277,157056.614564652,"368"
206255.30573662,156959.964852548,"370"
206214.510343053,156868.803389176,"371"
206172.812602589,156777.911703968,"367"
206339.803266339,157451.794370199,"372"
206324.325618572,157352.999418811,"374"
206308.847970809,157254.204467426,"375"
206293.370323041,157155.409516038,"369"
206370.75856188,157649.384272979,"376"
206355.280914108,157550.589321594,"373"
204902.816590901,157756.59979013,"378"
204958.007671587,157756.285447007,"380"
205057.974106682,157755.541406903,"381"
205154.506287696,157753.009265526,"382"
205249.191646744,157782.867515837,"383"
205343.910120607,157814.936359105,"384"
205438.628594462,157847.005202374,"385"
205533.347068329,157879.074045644,"386"
205628.065542196,157911.142888916,"387"
205722.784016059,157943.211732189,"388"
205817.502489929,157975.280575458,"389"
205912.220963794,158007.349418729,"390"
206006.939437653,158039.418262,"391"
206101.657911517,158071.48710527,"392"
206196.842888466,158081.574323365,"393"
206292.823281687,158054.181527006,"394"
206385.152681692,158023.71142333,"395"
206412.40881016,157945.218284104,"396"
206401.71385741,157846.974175749,"397"
206386.236209644,157748.179224363,"377"
206880.264910864,170912.523706752,"398"
206795.900264208,170888.786544815,"399"
206748.048975766,170874.326891262,"400"
206737.488147691,170870.617025626,"401"
209242.841738128,169217.543525607,"403"
209139.547123323,169359.295847476,"405"
209187.126369111,169295.67150463,"404"
209689.581596191,169235.846110543,"331"
209281.898927814,169187.989644671,"408"
209321.108306338,169242.821530158,"409"
209393.499556258,169284.87561052,"410"
209482.920647412,169324.698233955,"411"
209571.299849224,169339.669981627,"412"
209635.929832733,169269.612349924,"407"
206628.260922798,167687.098780277,"413"
206647.196956604,167741.133699965,"414"
208351.422764392,169710.686701646,"415"
208184.5850934,169530.676251674,"417"
208236.138509688,169586.017866616,"418"
208303.696979209,169659.741421596,"416"
208384.897562487,169720.793962465,"46"
209437.224663574,168635.152717102,"419"
209475.745656099,168747.831705957,"421"
209442.766618287,168673.210268438,"420"
209653.825607821,168984.391437888,"423"
209607.312510691,168896.539058524,"425"
209544.541781166,168820.395901766,"422"
209681.786848473,169201.666785468,"426"
209638.511181773,169141.669365154,"427"
209680.59213848,169068.606767263,"424"
209361.145724644,168565.282143614,"428"
209403.242826787,168604.76884219,"429"
208185.41691613,169202.127350933,"430"
208190.593265219,169214.899011372,"431"
207948.038090434,168268.613743016,"433"
207982.069009566,168354.693122808,"434"
208205.778020668,168713.795976573,"436"
208194.06027613,168666.043108146,"438"
208154.317469173,168653.268576578,"439"
208103.304727907,168625.932156645,"440"
208059.835022904,168538.658684128,"441"
208020.944830791,168446.676829248,"435"
208269.503178141,169003.719141761,"442"
208322.916258896,168934.297168458,"444"
208285.565234131,168880.484781236,"445"
208219.575133556,168819.788786271,"446"
208253.214901922,168751.170739103,"437"
208169.072198145,169162.104930957,"447"
208134.771753051,169088.898086099,"448"
208183.371658612,169049.161547408,"443"
206087.671379758,172006.003743199,"90"
205998.45967787,172094.93544916,"450"
206038.374226024,172014.023588828,"449"
205577.279608288,172234.470505292,"452"
205625.305767485,172213.838514442,"453"
205705.707417039,172186.808469304,"454"
205778.245545634,172163.447344848,"455"
205853.884000721,172146.029688321,"456"
205945.938780441,172151.732350632,"451"
213900.869591245,170760.324804594,"459"
213982.73203367,170806.224381614,"460"
214072.94323627,170848.19235154,"461"
214169.815863695,170868.635385239,"462"
214211.226646334,170934.857777742,"463"
214219.749344341,171034.01725543,"464"
214191.076651885,171126.23478218,"465"
213882.287429611,169456.417411342,"480"
213933.173482539,169514.228192521,"481"
214015.018861319,169563.217376007,"482"
214161.179982442,169570.474452075,"483"
214089.083043531,169590.736408126,"484"
214223.22396669,169589.216092161,"485"
214186.278539549,169270.940632479,"486"
213880.099731301,169405.02776854,"488"
213927.826436361,169335.457572981,"489"
213988.87053822,169276.195754442,"490"
214062.919779803,169282.969779675,"491"
214137.426640517,169300.740951697,"487"
213945.076273235,169066.585707806,"492"
213709.345452055,169332.217480308,"494"
213732.176695314,169271.574686354,"495"
213778.702735149,169183.764978992,"496"
213836.685573432,169125.525589493,"497"
213906.890690286,169118.945610263,"493"
211319.240785628,169612.57720204,"498"
210738.414138746,170037.294203313,"500"
210773.882522112,169957.385005795,"502"
210823.524151268,169891.385696599,"503"
210892.136731551,169832.773317198,"504"
210956.395122962,169756.377981556,"505"
210997.254857028,169681.883783274,"506"
211072.426937125,169630.490472539,"507"
211140.455163964,169594.462418165,"508"
211234.653472275,169602.613100657,"499"
209537.970596463,161397.617035473,"54"
209532.576520663,161449.262646126,"509"
209550.74755878,161493.85999319,"510"
205448.588195956,171071.071522552,"512"
205484.665851818,171491.210284691,"514"
205464.624283386,171402.164522271,"516"
205471.8360833,171307.884219276,"517"
205470.147763903,171223.024989924,"518"
205433.764417676,171153.625959459,"513"
204937.864944618,171538.941879567,"521"
205084.48479905,171584.436506985,"523"
205002.197308076,171541.623554189,"522"
205443.013495713,171700.147572191,"525"
205382.900569684,171676.998273108,"526"
205290.662915228,171666.47197868,"527"
205203.319180687,171702.211887284,"528"
205121.012987749,171663.531463077,"524"
204871.171802831,171625.196356547,"529"
204918.573875743,171582.759006507,"530"
206163.312930692,171042.824637704,"531"
206163.353954845,171051.539126657,"532"
206119.041198561,171034.75530681,"1902"
206056.505597392,171033.917540022,"534"
206601.611610664,170779.100821295,"536"
206558.983053557,170841.948303234,"537"
206171.795052488,171015.79441696,"539"
206189.397615944,170946.922720164,"540"
206274.007120946,170921.995167765,"541"
206371.448132635,170904.685989419,"542"
206467.894791691,170878.854973542,"538"
210950.928741214,169096.376541431,"289"
210992.334686051,169247.714579395,"544"
210969.681965833,169164.235689277,"543"
212369.951637157,169084.584321493,"548"
212394.332177161,169221.374801077,"549"
212371.371766612,169147.06412678,"547"
212702.191111861,170395.887127364,"264"
211501.73365734,170117.9634435,"551"
211588.148899555,170133.559101044,"552"
211680.801842218,170158.465839963,"553"
211754.231506451,170114.374349105,"554"
211814.284843013,170035.643411326,"555"
211882.790864195,169992.834209585,"556"
211963.264083187,170045.554487512,"557"
212040.60333217,170068.250293254,"558"
212122.63882287,170061.510833493,"559"
212215.102035299,170095.098795984,"560"
212307.203017213,170104.623908145,"561"
212386.811919072,170105.338046448,"562"
212425.944323769,170191.14229968,"563"
212480.763462356,170271.203551278,"564"
212567.196616189,170311.538763502,"565"
212651.144574771,170355.102033241,"550"
211901.447997281,171643.021022773,"566"
211379.967605567,170351.803986104,"568"
211408.750565292,170397.016236614,"570"
211446.714733755,170479.273470182,"571"
211481.166752957,170567.417136282,"572"
211527.859175991,170653.097442334,"573"
211546.572161031,170750.363000277,"574"
211565.925205979,170847.385973051,"575"
211614.589876793,170932.539362233,"576"
211656.788139841,171022.875322141,"577"
211681.559732685,171115.353486685,"578"
211686.645352724,171211.899737078,"579"
211709.367203093,171308.862602547,"580"
211777.268788466,171342.07620306,"581"
211840.811471452,171392.740716289,"582"
211875.826012688,171484.190183643,"583"
211887.757577807,171583.226406295,"567"
211890.506812486,171665.177228071,"584"
211694.033448878,170692.54114804,"145"
211568.447920011,170542.790920844,"586"
211591.96814607,170605.971569623,"588"
211637.203244834,170686.398453221,"585"
212706.791023253,169418.264260967,"589"
212661.849158123,169379.744071452,"590"
212949.912533919,169657.709135187,"591"
212761.330348508,169470.951885613,"593"
212824.958666473,169541.34801389,"594"
212892.457217587,169613.147351776,"592"
210860.295457044,168919.599292603,"597"
210820.115388576,168831.29686587,"599"
210769.150839384,168751.616297331,"596"
210930.401795645,169066.520994368,"600"
210890.95623573,169012.835685758,"598"
213740.728100666,170490.413539435,"601"
213664.128012512,170705.668856926,"603"
213666.62859409,170647.148578537,"604"
213689.897317115,170552.397344494,"602"
213931.110311882,170198.490807309,"605"
213793.37665771,170440.586000326,"607"
213843.865087967,170365.238441414,"608"
213897.019332788,170283.019747112,"606"
212634.363955251,169360.38546456,"63"
212421.023269147,169274.447267305,"610"
212489.197495593,169307.678446687,"611"
212582.467440222,169338.921661562,"609"
210797.580284289,159323.625888029,"612"
210832.116139071,159380.048712223,"613"
211028.241538055,158515.979820671,"260"
211012.228664807,158955.626018823,"616"
211043.592325794,158861.045040197,"618"
211049.890766483,158762.376912257,"619"
211038.677888267,158663.377264429,"620"
211034.551568917,158567.654151593,"615"
210808.622182201,159278.302292888,"621"
210853.565304806,159208.30696506,"622"
210907.535099874,159124.127012212,"623"
210962.186689572,159040.650153215,"617"
213116.46368402,169115.890506385,"624"
212903.715840728,169186.325893826,"626"
212976.916811593,169178.531288523,"627"
213058.119100518,169128.860250937,"625"
213699.408080307,169343.635747881,"175"
213149.308959014,169131.844681467,"629"
213212.354646402,169168.905798407,"630"
213308.102721291,169175.542905602,"631"
213403.920038038,169189.860931821,"632"
213481.918131619,169239.241470158,"633"
213558.570085367,169294.026372286,"634"
213648.272153418,169327.783845455,"628"
212665.693532717,166691.473317784,"635"
212525.049050293,166740.886494107,"637"
212594.663796394,166714.651490615,"636"
212851.087567206,169188.034809906,"16"
212720.471856898,169239.836083902,"640"
212789.983404546,169202.627092446,"639"
208974.625702757,162728.168933523,"9"
209218.63607341,163094.539790532,"642"
209153.436704701,163032.611673632,"644"
209083.938328826,162960.875642278,"645"
209021.584233595,162883.451475538,"646"
208985.281495658,162793.865867448,"641"
213706.221973679,170717.141090798,"648"
211383.444255283,170335.63875638,"569"
211337.913002921,170316.751321272,"649"
213045.843936935,170644.440055686,"165"
212834.704959423,170547.888176315,"651"
212874.160339203,170592.00961859,"652"
212940.165542779,170655.512294575,"653"
213006.383587697,170651.492743312,"650"
210190.023640566,162920.979646406,"654"
209280.753115705,163108.334047008,"656"
209358.221647973,163067.563668863,"657"
209447.790673296,163024.609821355,"658"
209536.277725023,162982.318923603,"659"
209622.649147019,162937.602663798,"660"
209699.362070343,162877.184785799,"661"
209763.829665007,162801.417576105,"662"
209849.902055209,162760.839790003,"663"
209945.385184432,162783.617725534,"664"
210036.680290503,162823.495699391,"665"
210117.586503281,162881.61419434,"655"
211165.1966586,169943.73193433,"666"
211130.841732236,169927.814251835,"667"
211032.74876057,170042.662915996,"669"
210951.589646114,170149.756092965,"671"
210987.313359113,170101.587971874,"670"
210291.077475124,165820.439318006,"303"
210149.254746033,165788.754749511,"674"
210204.003717143,165806.120350404,"673"
210864.531844297,162406.024338705,"676"
210518.225167086,162716.531337414,"678"
210577.622389052,162636.089048553,"680"
210636.91885483,162555.569507296,"681"
210700.267858392,162478.657928466,"682"
210777.411915597,162416.543277209,"677"
210241.135493228,162924.153576355,"683"
210305.131199034,162917.77513389,"684"
210389.864723363,162867.912466777,"685"
210458.77241883,162796.92842292,"679"
212477.20569673,166752.783337647,"638"
211321.26748056,170519.399942702,"686"
211295.551665816,170314.334602823,"688"
211298.749334719,170367.995756485,"689"
211314.12938916,170466.577269676,"687"
211296.783872937,170830.101433486,"690"
211310.982260539,170552.267682258,"692"
211305.864376465,170635.282978795,"693"
211301.208423366,170735.174530495,"691"
211390.920012857,170037.387204427,"694"
211434.14106541,170075.642323532,"695"
213876.511231471,170720.782476062,"248"
213820.171113245,170718.191372375,"696"
205774.761720355,167219.748752721,"698"
205801.631634533,167301.08905237,"699"
205732.998183777,167088.666984694,"701"
205752.604470098,167135.978474076,"702"
205827.270723223,167362.684505615,"700"
206026.664312176,167673.693771067,"706"
205975.920488514,167588.309395832,"708"
205922.378233987,167503.991217404,"709"
205867.73672315,167420.435605726,"705"
206203.679531262,168335.17940252,"710"
206241.403216169,168256.653551796,"712"
206220.64126568,168174.927067637,"713"
206186.05432774,168096.353163752,"714"
206194.189052256,168023.852766421,"715"
206151.554876999,167934.501548428,"716"
206111.133175559,167845.13816725,"717"
206073.133649434,167758.446862429,"707"
206038.34520955,168577.446734231,"718"
206012.544126362,168525.398721663,"720"
206069.920907964,168471.341316899,"721"
206148.833867293,168411.787187507,"711"
208991.458041642,171809.396782159,"736"
207062.964517736,172024.614566227,"741"
207097.852356504,171950.968263165,"742"
207148.492460435,171871.141602913,"743"
207229.046322029,171820.086630576,"744"
207327.16412066,171803.285786526,"745"
207423.895198076,171796.830291013,"746"
207501.053974047,171831.0,"747"
207588.451218115,171865.618148764,"748"
207678.001335544,171875.80498267,"749"
207774.952031062,171887.499329048,"750"
207858.00510162,171908.541286514,"751"
207942.249625936,171917.370273603,"752"
208032.090679515,171911.441920321,"753"
208127.16597322,171907.531764478,"754"
208227.034873363,171907.347021154,"755"
208308.779402047,171891.861947391,"756"
208379.923485247,171872.358681197,"757"
208478.004633502,171865.127175959,"758"
208577.070355742,171856.496312008,"759"
208664.839914357,171834.657045933,"760"
208748.900813749,171806.128262746,"761"
208837.032829812,171803.126710782,"762"
208934.985315561,171810.227736276,"737"
205453.379693335,170993.18092,"763"
206685.0032456,171728.449897978,"764"
206929.869875905,172072.687960815,"766"
206943.619042428,171952.442394205,"767"
206879.238343202,171910.052467506,"769"
206882.502755159,171813.316683876,"770"
206836.28217914,171769.259344528,"771"
206740.806309527,171747.238778027,"765"
206948.814734142,172019.232331853,"768"
205966.263642086,171658.353317184,"772"
206093.682848646,171987.392036275,"774"
206064.566716785,171922.212616192,"775"
206032.331268327,171832.35218371,"776"
205996.835446394,171746.105057447,"773"
205015.064302772,172241.085099526,"777"
209006.691089984,171767.85906386,"785"
209007.27065938,171801.975147227,"786"
210116.091787134,171840.965193848,"787"
209017.399452169,171747.416782456,"789"
209079.597685176,171753.337939752,"790"
209179.055968228,171763.35048023,"791"
209278.434041914,171774.434669977,"792"
209377.950755113,171784.244739287,"793"
209477.461864863,171794.119490092,"794"
209576.453323833,171803.933640922,"795"
209665.293138248,171773.969248687,"796"
209747.498071504,171746.674233096,"797"
209814.928322478,171782.559851029,"798"
209886.986045394,171723.24479893,"799"
209964.758348948,171733.773636398,"800"
210047.080077404,171790.499710227,"788"
205152.088333296,171067.307673237,"801"
205350.594288842,171506.912190358,"803"
205287.463821025,171440.166678606,"805"
205215.151391506,171379.069484714,"806"
205183.839817209,171302.324938528,"807"
205228.738281693,171225.666607684,"808"
205191.888684,171143.169436504,"802"
205419.121268533,171560.143174481,"804"
205460.019342477,171691.702950217,"810"
206917.580554023,172108.627152893,"739"
206898.262586316,172236.154527956,"812"
206901.005157697,172178.913300834,"811"
207511.691067657,172547.73816862,"813"
206936.103335964,172256.385881851,"815"
207022.708872784,172270.858278281,"816"
207117.987555321,172298.612214081,"817"
207199.488701047,172354.323045443,"818"
207278.25031815,172414.54792724,"819"
207353.941092417,172478.956388745,"820"
207437.186766093,172528.513040126,"814"
206743.401450518,161100.022113152,"821"
206821.578289949,161235.440735378,"826"
206761.298810724,161157.323170289,"822"
206959.371923769,170921.222577455,"829"
207042.56152588,170900.319550391,"828"
207245.433335795,170842.721227764,"119"
207196.675804972,170877.1026309,"830"
203269.346175007,159096.930960451,"832"
203492.572857943,159591.919378658,"834"
203429.657172584,159517.740333854,"836"
203378.046581597,159436.657204405,"837"
203323.896262063,159353.628266826,"838"
203287.001581829,159263.348305223,"839"
203287.253224073,159164.738689653,"833"
203306.214348499,157649.09617295,"842"
203371.612169566,157575.259044964,"844"
203447.491483755,157512.614080715,"845"
203524.770727106,157449.649391077,"846"
203612.231002153,157402.381166964,"847"
203697.344204846,157352.560407009,"848"
203752.456874024,157276.463223399,"841"
203267.717216978,158324.477124448,"849"
203289.498826247,158227.56044139,"851"
203297.162456982,158128.884617789,"852"
203306.187391931,158029.576212825,"853"
203324.888600788,157933.417422317,"854"
203316.343164561,157835.919292084,"855"
203289.407129199,157741.251514382,"843"
203239.586795531,158980.211107816,"856"
203240.343825199,158888.881303022,"858"
203230.714151424,158794.65017792,"859"
203226.560266519,158694.984566276,"860"
203226.295416847,158595.367746973,"861"
203231.696401848,158495.71041892,"862"
203235.175453074,158401.152001649,"850"
203244.533035161,159055.39022865,"857"
203529.655949261,159630.082360731,"835"
205248.433546502,156321.08752693,"864"
205179.935422064,156474.622905406,"866"
205220.077756481,156383.371098394,"865"
205029.775310181,156991.005440106,"868"
205050.550901009,156938.387117466,"870"
205104.73935385,156857.586673964,"871"
205137.033735943,156764.437949071,"872"
205166.811646228,156670.906707635,"873"
205163.991544543,156572.143751074,"867"
205010.03272049,157029.718999155,"869"
204932.853533328,157076.586968608,"874"
204852.158421205,157686.692302991,"876"
204808.753948275,157601.182001701,"878"
204790.145345755,157504.910399285,"879"
204786.486481913,157405.215307916,"880"
204786.041377688,157305.40754739,"881"
204800.63807265,157207.493944501,"882"
204848.153749778,157127.869051932,"875"
204891.765403019,157739.615821214,"877"
204514.61700198,159002.680019289,"883"
203654.023904302,159565.53086274,"885"
203697.672497913,159489.718163337,"887"
203739.949002262,159402.695919661,"888"
203792.194054066,159319.743945572,"889"
203872.85647636,159262.614655222,"890"
203964.959528846,159235.630471947,"891"
204060.466257221,159245.107965106,"892"
204141.378941464,159202.002080664,"893"
204202.644681553,159131.34177946,"894"
204282.366898288,159127.436958092,"895"
204369.855105175,159099.202631126,"896"
204457.314553678,159055.962400058,"884"
203573.927250751,159610.058679982,"886"
208585.375875659,159226.237201243,"897"
208547.384317574,159244.937843919,"898"
207968.238217839,157226.158936641,"900"
208178.381456922,157689.808718651,"902"
208206.456740256,157597.059871155,"904"
208182.946580663,157511.547580664,"905"
208122.547025369,157431.856393597,"906"
208062.114610923,157352.185454735,"907"
208002.968851354,157272.220125755,"901"
208171.827870954,158311.187587142,"908"
208134.6389877,158234.686575175,"910"
208077.580633098,158180.864482106,"911"
208021.460640769,158107.939127024,"912"
207999.045873189,158015.163118251,"913"
208007.63455518,157929.240699953,"914"
208058.78454749,157847.342447956,"915"
208118.078256049,157768.005474406,"903"
208207.617002529,158391.741999222,"909"
208539.348628424,158952.409773603,"917"
208507.019349973,158858.049045285,"919"
208457.925919685,158773.200245406,"920"
208411.374877197,158688.821636077,"921"
208357.563021781,158608.615639599,"922"
208324.947813267,158521.374058375,"923"
208262.512864428,158465.314714345,"916"
208582.313680607,159211.230948982,"924"
208568.833982945,159148.130276311,"925"
208556.996756763,159049.865738648,"918"
206905.572161958,160765.734460096,"926"
206899.825841745,160849.815460267,"927"
206822.097759215,161007.138646563,"929"
206883.244335373,160946.330391406,"928"
206492.127296401,160103.71002966,"931"
206510.201712679,160159.075200175,"932"
206896.572674192,160726.085663024,"934"
206874.94127777,160674.195520189,"935"
206835.405182558,160582.343704783,"936"
206779.149426731,160535.248205261,"937"
206728.464031706,160462.249239196,"938"
206685.587188937,160374.628646035,"939"
206610.747797369,160317.946195617,"940"
206547.356481545,160246.886842627,"933"
204005.755493891,163987.683850539,"941"
204087.304899584,164242.29842455,"943"
204076.959579652,164161.837224248,"944"
204046.057942773,164068.276146422,"942"
209352.144501742,157848.500732957,"945"
209329.813060886,157889.916513115,"946"
209311.972260681,157933.694105209,"947"
209131.433782034,158269.407154763,"949"
209151.517074663,158224.719845971,"951"
209189.8139132,158138.212570715,"952"
209241.542756148,158056.63854532,"953"
209269.407009384,157968.037591109,"948"
209123.23042801,158314.330561708,"950"
209119.374584735,158562.766160873,"958"
209090.699143207,158469.533623086,"959"
209119.61631808,158391.862384265,"954"
209175.064628245,158752.755608757,"956"
209255.390093359,158931.977563963,"961"
209212.559000733,158843.275806867,"960"
208698.763535146,159264.298451997,"963"
208786.267745739,159239.40334481,"965"
208874.349303669,159205.668962393,"966"
208971.047666092,159195.274336465,"967"
209069.804810367,159186.926983299,"968"
209157.740803654,159147.380882766,"969"
209221.741035616,159076.5763315,"970"
209276.051440919,158998.631654689,"962"
208595.429252671,159221.304341039,"972"
208476.813017666,159269.274930439,"899"
208224.088972653,159266.903363847,"974"
208301.191341676,159241.32798002,"976"
208391.182253884,159242.436600646,"973"
208174.891848575,159274.56816508,"975"
207637.373962502,159464.79646742,"978"
207709.545587775,159472.336824388,"980"
207798.945469338,159480.044839692,"981"
207896.66491941,159460.544388893,"982"
207980.633013775,159417.919312628,"983"
208042.579346204,159346.694534034,"984"
208110.20095406,159282.199407791,"977"
207588.523269442,159460.36504389,"979"
207259.671376164,159471.716246446,"179"
207233.70439712,159477.521867784,"989"
206983.761090928,159599.53895533,"990"
206984.715437485,159925.184834111,"992"
206968.379027753,159850.785202209,"993"
206962.453670399,159751.523341628,"994"
206974.162935284,159652.313577593,"991"
207204.838908291,159483.643793629,"1907"
207049.304515168,159557.995360371,"996"
207136.322588557,159509.00794281,"995"
206995.670124512,159589.435858279,"997"
208139.482585991,169537.890373818,"123"
208072.874709172,169593.918831342,"998"
207839.710126146,169651.875833151,"1000"
207905.887507973,169665.687743717,"1001"
207988.322039143,169629.407712357,"999"
212014.178697372,169125.94675951,"1003"
212079.575797864,169101.30808304,"1005"
212170.662076687,169087.498146021,"1006"
212258.478284106,169072.983539668,"1002"
209823.649392702,167042.129087544,"1007"
209901.305962377,167119.617046367,"1009"
209875.067121795,167033.37067948,"1008"
210071.220924466,167341.439893877,"1011"
210013.194112934,167271.495369227,"1013"
209952.839729004,167200.509370689,"1010"
210178.814905146,167505.086571355,"1016"
210128.526467421,167420.104240003,"1012"
210110.885747566,165763.070101237,"675"
209870.357022407,165817.281467146,"1018"
209931.644093391,165795.808206972,"1020"
210024.100867191,165765.355736752,"1017"
209841.228009242,165840.613803971,"1019"
210971.82811247,160000.610016591,"1022"
210918.885403421,160232.033434123,"1024"
210976.742453565,160152.185222015,"1026"
210986.395118159,160060.319527514,"1023"
210133.702858456,160702.91111823,"1029"
210231.643177385,160721.120369269,"1030"
210329.778968591,160738.787239105,"1031"
210418.239953774,160710.802729154,"1032"
210495.818834616,160647.802262543,"1033"
210573.165958033,160584.491656667,"1034"
210650.819548686,160521.516843523,"1035"
210728.369098119,160458.402524236,"1036"
210801.548347994,160390.504680332,"1037"
210869.580451763,160317.441892696,"1025"
210890.249396794,159797.851369554,"1038"
210971.470570226,159955.833984626,"1040"
210931.483136447,159883.364479665,"1039"
210856.569200553,159430.643330267,"614"
210880.775723335,159590.212690927,"1042"
210864.989274915,159491.529346074,"1041"
210883.736865169,159746.457791312,"1044"
210892.062889839,159689.4174747,"1043"
209529.72275974,161525.469309251,"511"
209264.81057328,162074.199781488,"1046"
209278.621541001,161980.083019606,"1048"
209284.524933976,161883.657940082,"1049"
209307.760527526,161789.556863221,"1050"
209279.462430515,161699.37774116,"1051"
209278.073567278,161609.386533961,"1052"
209356.1822143,161560.399503677,"1053"
209451.951719483,161539.588356355,"1045"
208950.305592339,162202.993446361,"1054"
209028.54872162,162211.507829956,"1055"
209127.055406189,162198.117439369,"1056"
209213.584045108,162157.911436712,"1047"
212797.746223161,168637.104634611,"1057"
212724.859183698,168803.570095574,"1059"
212762.590081504,168779.706570766,"1061"
212766.573365167,168692.209144754,"1058"
213208.493132562,168217.149840164,"1062"
213085.356888044,168367.116669148,"1064"
213150.577958662,168291.34500509,"1063"
212819.186619851,168612.2195629,"1066"
212871.057175004,168570.197400266,"1067"
212948.93400814,168507.551617278,"1068"
213023.512067879,168443.805287248,"1065"
211094.87211782,169950.090262666,"668"
211064.046403981,170001.729602971,"1069"
211578.07970284,169525.993833052,"1070"
211712.47416691,169615.11425804,"1072"
211641.223360559,169562.353772055,"1071"
211407.448789294,169987.26172279,"1074"
211417.721875526,169898.39803226,"1075"
211457.832127873,169807.775709218,"1076"
211510.490663723,169732.799502709,"1077"
211602.538784625,169714.933835995,"1078"
211661.392886718,169659.706528099,"1073"
210745.625347153,170645.985137954,"1079"
210937.571655055,170168.603922869,"1081"
210908.461413503,170224.275086758,"1082"
210873.248765358,170317.596684388,"1083"
210843.534949695,170413.017748042,"1084"
210809.038163228,170506.856591047,"1085"
210770.980448341,170599.144717429,"1080"
212049.98709005,168816.939297624,"1086"
212000.922776181,168846.055269756,"1087"
212275.366893846,168714.656230085,"1089"
212095.268086309,168791.670419944,"1091"
212146.576423929,168761.99791582,"1092"
212221.178839085,168752.157811739,"1090"
213287.469657783,168765.394466961,"1093"
213187.880284436,168999.708143024,"1095"
213209.733265474,168918.450879182,"1097"
213241.996863382,168827.859404417,"1094"
213145.468792568,169071.488185841,"1096"
208540.403279394,166551.650821365,"1098"
208858.376032676,166706.357149887,"1100"
208765.988511866,166668.795052114,"1102"
208675.59652324,166626.068598881,"1103"
208587.774924558,166578.340385484,"1099"
209429.222381193,166883.338338927,"1104"
209330.663260396,166867.014209309,"1106"
209236.758806982,166834.406546425,"1107"
209143.352214487,166799.066852525,"1108"
209048.263637775,166768.327130287,"1109"
208954.312129214,166734.444485125,"1101"
209801.971351087,167048.74370179,"1110"
209778.774742971,167001.408140036,"1111"
209723.486277768,166939.224882489,"1112"
209625.452711585,166921.011045706,"1113"
209527.92391596,166899.286349061,"1105"
211064.3622218,158198.128504096,"1114"
211081.72431786,158288.753820511,"1115"
211049.224525229,158468.288730719,"1117"
211067.288174395,158387.039111098,"1116"
203631.645462835,162940.46308659,"1118"
203671.34188489,163296.511876931,"1120"
203632.911492582,163205.498099815,"1122"
203625.297818441,163106.802083161,"1123"
203627.325259441,163006.894765269,"1119"
203797.434606902,163517.93273141,"1124"
203772.344350092,163462.742297469,"1126"
203732.560143699,163372.832596443,"1121"
211957.5007496,168850.292449969,"1088"
211874.880226569,168984.662208706,"1129"
211906.814664643,168894.480147058,"1128"
211894.474840462,169154.904805763,"1131"
211864.3195296,169084.102989397,"1130"
211991.295100253,169151.785525866,"1004"
211957.16157454,169167.453082385,"1132"
212702.288544528,168806.016565918,"1060"
212383.823629304,168984.179184523,"1134"
212374.114217019,168887.009539109,"1136"
212404.108985548,168792.719248413,"1137"
212469.59705182,168742.602762691,"1138"
212550.24173055,168766.965103439,"1139"
212634.996282931,168788.883484765,"1133"
212395.740109099,169061.133487959,"1135"
210687.021852325,168209.529496599,"1140"
210704.236319703,168365.862591498,"1142"
210691.626352717,168266.660833789,"1141"
210716.84628669,168465.06434921,"1143"
210729.456253677,168564.266106917,"1144"
210747.348774172,168125.213854406,"272"
210724.719852388,168167.816485465,"1148"
210272.126527543,167593.555311651,"1150"
210217.359276819,167574.534486229,"1149"
210312.667342292,167622.066320555,"1151"
210465.228809256,167735.648931578,"1153"
210390.857516614,167669.413554468,"1152"
210709.962628573,168048.71306606,"1155"
210658.151145329,167963.268836965,"1157"
210601.947740262,167880.82162465,"1158"
210534.458584299,167807.716039974,"1154"
210738.542127545,168106.5073606,"1156"
211546.763336535,170495.178818018,"587"
211429.211841519,170366.276603208,"1160"
211504.997962915,170423.004157395,"1159"
208201.370211898,170777.818663547,"326"
207563.672638931,170823.378320825,"1169"
207646.374952254,170829.185332034,"1170"
207746.158203607,170833.641695006,"1171"
207845.829044793,170828.802760036,"1172"
207945.584008607,170821.91924482,"1173"
208045.284876649,170815.463843999,"1174"
208144.80733507,170809.989101992,"1168"
205738.85399892,169167.043605949,"1175"
205340.675677932,169625.357533473,"1177"
205363.811380673,169547.278726574,"1179"
205438.016959447,169518.513115935,"1180"
205464.346928898,169424.683547104,"1181"
205490.454544384,169334.392200047,"1182"
205509.68405076,169238.830572367,"1183"
205573.050880254,169186.169566741,"1184"
205672.395423546,169174.95194257,"1176"
205273.613468766,170068.826564667,"1185"
205313.226053364,169998.74646623,"1186"
205397.49494583,169953.594579688,"1187"
205440.934537713,169878.331864088,"1188"
205417.413029455,169784.292834522,"1189"
205354.933931094,169720.462022213,"1178"
206701.731786607,170638.255315378,"1190"
206023.037610685,170827.321856804,"1192"
206103.209573037,170836.636356736,"1194"
206181.904365906,170816.490293288,"1195"
206261.430430182,170834.663297913,"1196"
206348.717407718,170806.0578302,"1197"
206435.827726405,170774.054297882,"1198"
206505.871019604,170728.765741047,"1199"
206538.52561187,170655.864461072,"1200"
206634.34553385,170634.794053482,"1191"
205776.494371597,171082.213887971,"1201"
205813.442479118,171036.816317991,"1203"
205891.010740558,170981.757074749,"1204"
205905.198264877,170903.458853222,"1205"
205966.203213633,170869.34388311,"1193"
203718.504608374,163602.611353915,"1206"
203825.299980571,163721.044724961,"1208"
203761.808670746,163668.283591791,"1207"
203878.381823635,163792.328067827,"1209"
204811.711998993,165346.592154644,"1211"
204884.2858539,165574.355769793,"1213"
204859.457539626,165496.336310274,"1214"
204819.834416027,165405.266995268,"1212"
204704.03416776,165874.837320188,"1215"
204867.422176674,165792.277676683,"1217"
204797.524019643,165816.226357212,"1219"
204714.546153087,165828.034840277,"1216"
204876.346121997,165610.688559819,"107"
204896.919908071,165664.131011764,"1220"
204833.454947486,158515.614043289,"1222"
204626.961844381,158871.992842683,"1226"
204708.418250099,158828.893543341,"1227"
204793.468226617,158821.760790431,"1228"
204833.633020829,158766.568077575,"1229"
204852.751918458,158669.790180578,"1230"
204849.93335623,158571.964659985,"1223"
204859.706570206,157783.780444859,"379"
204644.231331478,158336.920150466,"1232"
204581.956504732,158261.914567875,"1234"
204538.885274916,158172.812111712,"1235"
204519.972314999,158094.692582324,"1236"
204592.347800591,158047.388959789,"1237"
204652.510235477,157990.157908908,"1238"
204707.388069251,157907.229880374,"1239"
204782.660235947,157842.505259522,"1231"
204825.723521299,158499.800978826,"1240"
204786.674314337,158470.766559151,"1241"
204717.738413452,158404.532626567,"1233"
204133.510858706,155582.095268788,"1242"
204059.242945683,155857.687430526,"1244"
204064.838253423,155757.855422239,"1246"
204086.974634486,155661.784525712,"1243"
203967.614311114,156447.889558549,"1247"
203978.226364934,156348.463838541,"1249"
203992.730213906,156249.622005868,"1250"
204012.565491581,156151.616131246,"1251"
204032.867674014,156053.777774432,"1252"
204053.554059212,155957.437360617,"1245"
203821.240759416,157083.05914136,"1253"
203817.851128913,156983.622950937,"1255"
203819.545789181,156885.743830432,"1256"
203837.464113952,156790.964760716,"1257"
203897.25565835,156714.705774015,"1258"
203944.929372886,156646.52091245,"1259"
203957.314603525,156547.350152656,"1248"
203793.257309559,157175.902344091,"1254"
205183.149826432,155539.975940042,"1261"
205403.57653777,155812.86989018,"1263"
205364.993945514,155740.698254846,"1265"
205309.933961357,155673.482215021,"1266"
205246.770648258,155605.466902441,"1262"
205273.626048874,156268.326372801,"1267"
205341.459143801,156217.783908378,"1268"
205429.197531362,156177.165764084,"1269"
205462.172666767,156090.629139365,"1270"
205471.140786952,155992.907406645,"1271"
205440.706060379,155899.192435894,"1264"
205114.703913255,155468.978329934,"1272"
205138.337824856,155490.550866042,"1273"
206774.411584652,161056.859209368,"930"
206752.3608751,161084.019312478,"1274"
209405.51894827,157623.878810093,"1275"
209443.746978181,157275.49226351,"1277"
209417.766445087,157598.653633394,"1279"
209438.694423842,157542.846861498,"1280"
209445.626441334,157445.071775002,"1281"
209431.655913981,157347.81384416,"1278"
209395.546537783,157643.718482124,"1276"
209374.20682488,157672.08500536,"1282"
209359.160559862,157812.975747592,"1284"
209354.562283888,157744.638363262,"1283"
203603.277489109,162778.730565865,"1285"
203640.168809862,162893.401370289,"1287"
203651.377430571,162819.1815893,"1286"
203914.533809365,163837.192451597,"1210"
203975.080241144,163946.991096524,"1289"
203949.472965832,163895.678669657,"1288"
203237.05225488,164374.669098753,"1290"
203309.565686049,164403.926428475,"1291"
203082.486999397,164337.235469999,"1292"
203624.56927974,164422.305749738,"204"
203719.591458721,164402.249796563,"1295"
204077.732653163,164391.207552714,"1299"
204014.449905873,164383.629042838,"1300"
203917.081069626,164375.151481586,"1298"
205030.282166158,172277.793015813,"778"
205034.666446873,172318.444155251,"1301"
205356.935882746,172137.861159923,"1303"
205111.891943006,172240.947866878,"1305"
205160.351068618,172217.650277155,"1306"
205218.585974508,172190.201939664,"1307"
205274.293138152,172164.831617764,"1304"
206310.02514172,168016.933113471,"40"
206340.979662603,168103.50045845,"1308"
206439.638132747,168384.209480121,"1310"
206409.347107332,168290.606246932,"1312"
206374.888641006,168197.537592603,"1309"
206388.073347457,168514.218028804,"1313"
206417.41267735,168468.763590509,"1311"
206357.869769465,168553.911061861,"1314"
206217.728889296,168930.866525932,"1316"
206188.82876892,168846.933798026,"1318"
206174.169876077,168751.793898698,"1319"
206225.747494252,168673.374346071,"1320"
206304.433957431,168627.549154887,"1315"
205739.176436002,169570.974325804,"1321"
205812.888770813,169533.5491412,"1323"
205872.693379573,169479.602385773,"1324"
205952.72351647,169427.642275407,"1325"
206014.904398628,169379.275601365,"1326"
206029.736453767,169302.18177079,"1327"
206058.839664831,169234.616541758,"1328"
206086.098002703,169162.589206323,"1329"
206127.12590873,169076.550481935,"1330"
206177.430878505,169009.596825204,"1317"
205556.436175477,169743.810599724,"1331"
205620.220958892,169707.384875658,"1333"
205693.689667826,169652.331844113,"1322"
211404.081710018,169248.793840357,"157"
211007.985628407,169280.918917963,"1335"
211063.612657887,169265.71390524,"1336"
211160.170760669,169239.868211749,"1337"
211256.643988987,169213.619520306,"1338"
211349.449022154,169203.020141671,"1334"
210718.11766123,169571.204097023,"1339"
210529.771660866,169971.782516518,"1344"
210603.26990053,169916.994598565,"1345"
210675.198863749,169858.027673384,"1346"
210697.780606908,169761.958337764,"1347"
210709.766299466,169662.757802006,"1340"
210900.304856116,170141.278619171,"672"
210750.613199402,170079.99660289,"1349"
210815.285244774,170095.034091083,"1348"
211286.925562109,170281.524871854,"153"
210966.691913828,170151.878011516,"1351"
211033.866812586,170149.094245031,"1352"
211094.058518325,170194.755749606,"1353"
211130.32160551,170250.57447969,"1354"
211224.376180646,170246.594497313,"1350"
206136.623450935,171051.615204161,"533"
206074.841413446,171042.744574431,"1355"
206026.058383061,171035.817075767,"535"
205847.245748609,171160.095993568,"1357"
205875.011049402,171084.166152141,"1359"
205964.283671598,171046.004891074,"1356"
210846.153646334,168088.44359438,"270"
211327.004909883,168345.390608302,"1361"
211247.757993862,168307.111055276,"1363"
211167.426377719,168342.735782868,"1364"
211102.251867556,168292.526372676,"1365"
211026.037770546,168238.254642739,"1366"
210941.130625156,168195.100338692,"1367"
210867.441604363,168136.302201342,"1360"
211414.863977594,168468.451499775,"1368"
211395.966709094,168405.050353838,"1362"
210969.12746354,169293.153207124,"545"
210719.345500888,169494.00238326,"1370"
210740.640177038,169436.010195016,"1371"
210832.935128222,169403.963071835,"1372"
210905.534160984,169343.037291931,"1369"
209252.363511758,163133.262914418,"643"
209367.161735537,163351.059654167,"1374"
209333.346560219,163259.98790441,"1376"
209278.326818976,163180.599535755,"1373"
209435.087188163,163527.193272837,"1377"
209405.534990019,163441.486881793,"1375"
205694.190679348,172028.551249281,"83"
205669.25921108,172074.675651078,"1379"
205428.619273899,172131.954460269,"1381"
205493.000387117,172109.523403503,"1382"
205584.921022854,172097.517766373,"1380"
204904.871347677,172485.169080946,"1383"
204908.022476033,172511.446011091,"1384"
205006.433789316,172308.757624374,"1302"
204934.864321374,172467.831892068,"1387"
204942.233933299,172418.238408857,"1388"
204968.788803896,172345.328653608,"1386"
206396.020920213,168288.414443694,"1389"
206344.974180357,168324.617242125,"1390"
206068.751854442,168575.884596533,"1392"
206126.822016117,168523.515981291,"1393"
206202.642207031,168458.404823355,"1394"
206270.195209989,168387.942433377,"1391"
206039.029664663,168605.690582521,"719"
205951.856297054,168945.45744723,"1396"
205986.810622049,168856.309047484,"1398"
205942.642470306,168809.857390702,"1399"
205948.866758339,168724.085487026,"1400"
205997.068555146,168648.114493,"1395"
205524.538621265,169584.685073172,"1401"
205574.935980559,169498.657105822,"1403"
205625.720576821,169412.514144751,"1404"
205676.942061902,169326.628770104,"1405"
205728.156023459,169240.745506716,"1406"
205786.016904235,169161.971528888,"1407"
205843.451337733,169082.965617882,"1408"
205892.276094092,169000.021751494,"1397"
205540.753900028,169742.618318141,"1409"
205526.045677607,169676.780897954,"1402"
203553.57931906,159654.321714388,"863"
203686.123017685,159820.868798893,"1411"
203646.025174747,159770.864310551,"1413"
203600.818526376,159691.788009247,"1410"
203728.246114711,159845.976245774,"1412"
203818.699676813,159993.964321883,"1415"
203774.667151739,159904.730572452,"1414"
203898.500377438,160168.420233379,"1417"
203858.715467462,160083.048644099,"1416"
204030.784353412,160811.247161808,"1419"
204051.048016061,160719.470125237,"1421"
204056.557727399,160620.571218729,"1422"
204024.695459202,160527.407171282,"1423"
203973.332516511,160442.920203313,"1424"
203951.67181717,160347.977121332,"1425"
203936.952470623,160252.302239098,"1418"
204093.094785365,161439.285594662,"1426"
204048.255409725,161349.905130174,"1428"
204011.397480653,161257.561932938,"1429"
203977.800445189,161163.817352694,"1430"
203944.399817037,161071.168720825,"1431"
203955.749885691,160973.461024077,"1432"
203980.498124345,160878.489014414,"1420"
204325.413859143,162063.083849214,"1433"
204274.460833278,161991.087672334,"1435"
204254.59781212,161895.871636094,"1436"
204236.354720465,161798.129265011,"1437"
204197.850913929,161706.833357102,"1438"
204143.312578191,161627.899906896,"1439"
204127.117687941,161531.063913824,"1427"
204356.532387994,162442.475497113,"1440"
204362.169161203,162349.190249374,"1442"
204358.708551181,162250.109792276,"1443"
204347.485443771,162154.887769865,"1434"
203898.340215966,163704.695828686,"1444"
204107.922390847,163988.566507716,"1446"
204049.743787971,163907.601412094,"1448"
203991.312676211,163827.468677406,"1449"
203931.020951504,163749.093625249,"1445"
204182.047829535,164126.570822981,"1450"
204162.374338836,164069.03580678,"1447"
205815.152458053,167112.199926165,"1452"
205856.822510097,167172.830511837,"1453"
203810.241741162,163536.051018445,"1125"
203831.422199228,163591.060794741,"1456"
203871.555215744,163669.645443808,"1457"
205474.027482665,166505.925723984,"1458"
205727.095366683,166964.504919022,"1460"
205665.85638584,166895.552331584,"1462"
205631.117920057,166802.368904582,"1463"
205595.225983065,166712.632989964,"1464"
205552.993890328,166630.452776478,"1465"
205491.37213869,166561.380894928,"1459"
205776.783831722,167041.178125719,"1461"
205539.101416592,169764.204356436,"1332"
205501.129883009,170202.32081412,"1468"
205539.909169845,170111.016927315,"1470"
205550.893090989,170012.869828788,"1471"
205536.980888473,169914.4761765,"1472"
205529.061449845,169815.807839218,"1467"
205372.337856715,170538.642469319,"1473"
205377.717430583,170472.469756472,"1474"
205404.511391937,170376.55296082,"1475"
205448.777871299,170287.432700944,"1469"
204895.128400806,165731.130230606,"1221"
204897.75769958,165775.846040965,"1476"
205804.779830557,167077.398328342,"1466"
204897.639060978,165813.788160092,"1218"
205092.482621519,166103.454243231,"1478"
205029.80434429,166082.307462045,"1480"
205020.311352298,166009.959942598,"1481"
204966.666100335,165957.254954485,"1482"
204914.15133997,165887.997620616,"1477"
205387.051039688,166405.26697745,"1485"
205345.980995103,166330.479905049,"1486"
205274.260110995,166263.917140111,"1487"
205212.997772937,166198.677380369,"1488"
205166.532622537,166124.517007921,"1479"
205958.934872747,167346.354751816,"1489"
206223.194615996,167743.081818448,"1491"
206168.713957672,167662.37492912,"1493"
206111.783373844,167591.071599135,"1494"
206055.033930687,167514.759264931,"1495"
205999.059556064,167435.214851696,"1490"
206263.866632297,167831.975314994,"1492"
203801.882032217,162838.721144268,"1498"
203712.354743626,162953.499954215,"1500"
203738.368027648,162901.953769141,"1499"
209085.320069782,169367.914827191,"406"
208481.655582639,169161.498368318,"1503"
208561.145715716,169184.317648081,"1505"
208657.446731972,169209.50493098,"1506"
208738.613887143,169243.211205619,"1507"
208825.3555641,169276.102383122,"1508"
208918.275469162,169306.337666313,"1509"
209008.65749018,169342.298555319,"1502"
208443.716351667,169169.37633149,"1504"
208228.922437482,169223.817148502,"1511"
208308.514881576,169205.15704909,"1512"
208390.270325858,169187.817660094,"1510"
208184.058648507,169225.989692355,"432"
208137.372824608,169262.67696172,"1513"
207761.919753127,169562.118053644,"1516"
207829.470821525,169504.942845152,"1518"
207904.591649468,169439.493069113,"1519"
207974.950912878,169368.439578372,"1515"
207744.711804838,169621.013956425,"1517"
207709.371903764,169654.584865199,"207"
207158.916159273,170228.800391734,"1521"
207191.435274607,170137.36427483,"1523"
207180.592828632,170039.461255213,"1524"
207167.404322436,169940.431293647,"1525"
207147.753573757,169843.873366105,"1526"
207179.486677393,169766.101696841,"1527"
207265.679559677,169719.741605177,"1528"
207354.331054276,169688.402302265,"1529"
207448.761668705,169676.594687629,"1530"
207539.854105033,169706.611512555,"1531"
207630.237797889,169684.49023861,"1520"
206760.531823197,170840.759605378,"1532"
206808.385780065,170773.505177891,"1533"
206886.959272276,170751.687762405,"1534"
206986.288926388,170752.33039096,"1535"
207068.687695419,170709.022573277,"1536"
207086.132607968,170617.712702132,"1537"
207094.750927875,170518.827388301,"1538"
207101.729452044,170419.917601867,"1539"
207127.885016568,170323.521226184,"1522"
206723.755407948,170868.276678027,"402"
206177.6774338,171058.931189537,"1541"
206240.11559392,171073.320891267,"1542"
206338.073243218,171087.716565665,"1543"
206430.585200823,171059.793137952,"1544"
206507.609485637,170996.456133659,"1545"
206580.137417727,170928.08062187,"1546"
206665.858736951,170879.295560128,"1540"
205806.170624307,171221.477546377,"1358"
205627.261995596,171471.97198964,"1548"
205643.63362128,171410.013258565,"1550"
205705.871558219,171361.096846906,"1551"
205754.215830274,171286.292128522,"1547"
205697.480347433,171847.734353774,"1552"
205649.169334907,171760.247450373,"1554"
205609.391236232,171673.472660451,"1555"
205560.867330958,171619.041723046,"1556"
205572.447326474,171537.464291408,"1549"
205705.05317307,172004.400757522,"1557"
205728.561844035,171938.630509257,"1553"
205081.439372,172256.582140021,"93"
205047.914944606,172270.355470841,"1558"
210440.423654877,170102.983788818,"1342"
209132.698114982,169379.735805932,"1560"
209193.352171308,169410.38352556,"1561"
209285.450263417,169447.8418834,"1562"
209376.600651496,169487.467623991,"1563"
209466.886464435,169529.68304564,"1564"
209555.440830152,169572.991778829,"1565"
209642.171277821,169621.029210756,"1566"
209732.944770009,169658.491427996,"1567"
209823.888871725,169681.374389297,"1568"
209908.717901074,169723.28184829,"1569"
209988.30715638,169783.049398491,"1570"
210059.057927775,169853.071428708,"1571"
210139.670937729,169910.076170259,"1572"
210222.458777803,169965.874496651,"1573"
210302.798518202,170025.377008349,"1574"
210379.817026601,170087.089951546,"1559"
204346.830066996,162518.226473389,"1441"
203857.242775334,162718.543597406,"1576"
203926.704814698,162667.519421488,"1578"
204021.872180737,162671.365534795,"1579"
204194.432864239,162728.327546155,"1580"
204272.573003325,162669.967156892,"1582"
204334.285026553,162597.976751132,"1575"
203838.321402112,162785.985111014,"1577"
204104.878349899,162716.85856007,"1581"
203722.49511688,162998.867817194,"1501"
203747.211845549,163327.872931967,"1584"
203707.873798847,163243.040432611,"1586"
203678.944493022,163158.329229175,"1587"
203688.179578077,163065.866576858,"1583"
203794.991949934,163497.705887012,"1588"
203769.893358563,163421.755628791,"1585"
204195.561729339,164159.468853928,"1451"
204348.774393499,164579.877641048,"1590"
204330.891316262,164485.593811253,"1592"
204310.832154092,164391.811928147,"1593"
204273.241224413,164301.348625912,"1594"
204227.595071076,164214.814451081,"1589"
204463.336238708,164801.550348411,"1595"
204440.382431361,164729.899937489,"1597"
204407.26998327,164653.430609208,"1591"
204633.962490371,165229.637585474,"1598"
204611.050533209,165133.065520766,"1600"
204586.639654069,165038.982165546,"1601"
204553.235262952,164949.532211821,"1602"
204516.17667543,164861.743655574,"1596"
204853.508681912,165669.85701758,"1603"
204798.90206562,165591.170600789,"1604"
204754.689119462,165502.208553977,"1605"
204705.888399136,165415.152069575,"1606"
204663.236190719,165324.792390561,"1599"
205946.217280437,167284.037089087,"1607"
205798.142117393,171116.502687523,"1202"
205831.380216317,171164.649893876,"1608"
205620.771635178,170859.258170233,"357"
205709.920897561,170990.500144445,"1610"
205664.750095834,170903.86825094,"1609"
205755.401969847,171065.167761558,"1611"
205377.972932493,170566.161655271,"70"
205589.11126494,170822.576953766,"1613"
205534.945964165,170769.268123208,"1614"
205469.027607274,170699.310523047,"1615"
205410.844871214,170618.733020197,"1612"
207253.806420769,161922.577836592,"1616"
207048.977935715,162066.059455688,"1618"
207115.889671158,162000.194391042,"1620"
207202.189633253,161959.933000642,"1617"
207300.416419929,162661.463823129,"1621"
207250.317212639,162605.552631777,"1623"
207217.751115907,162515.221114669,"1624"
207181.047573536,162426.240562212,"1625"
207139.134135549,162337.881869955,"1626"
207103.213492683,162246.374279156,"1627"
207069.282096,162154.723584741,"1619"
206990.085283124,161359.682353481,"1631"
207016.056505347,161401.608041275,"1632"
207064.668376166,161450.334725791,"1633"
207268.469782144,161911.072612885,"1635"
207272.125347937,161864.786390754,"1636"
207252.903473315,161768.747702638,"1637"
207239.007129825,161671.558109646,"1638"
207201.732593076,161580.93884205,"1639"
207140.118526488,161505.384610264,"1634"
207006.858045709,159993.888926079,"363"
207002.883893194,160185.489219118,"1641"
207017.403349145,160086.817720827,"1640"
207056.137906602,160372.473462093,"1645"
207018.040454608,160280.977595273,"1642"
207114.422046555,160621.259247635,"1648"
207093.148692538,160665.316723747,"1649"
207011.304626296,160791.915921716,"1652"
206939.994170095,161142.013626907,"1654"
206956.303549694,161075.815917171,"1656"
206996.751682967,160989.220474005,"1657"
207008.126528529,160891.484487272,"1653"
206963.348119896,161184.467138795,"1655"
206966.871711872,161217.049185629,"1658"
207357.764683236,162655.203203547,"1622"
207374.382719484,162722.578708847,"1659"
207441.040540867,162884.443714464,"1661"
207388.205283785,162819.816487611,"1660"
207467.048211322,162924.559952666,"1662"
207526.336243581,163073.839500378,"1666"
207489.818109186,162981.323680322,"1663"
207354.173788175,163332.43589464,"1668"
207401.97924426,163251.269131242,"1670"
207490.869588144,163211.194120599,"1667"
207064.57660752,163572.967802976,"1674"
207156.407314127,163533.419360838,"1675"
207245.207518219,163490.557292842,"1676"
207308.184318944,163416.733515497,"1669"
206926.028068867,163684.593840948,"1672"
206954.970559204,163947.900612453,"1678"
206947.416232919,163882.218218604,"1679"
206935.990260311,163782.873127382,"1677"
206967.541017728,164013.096838821,"1680"
207139.793540042,164623.41743241,"1682"
207156.101213071,164529.065482364,"1684"
207175.969777064,164432.619080458,"1685"
207147.511826315,164341.391172566,"1686"
207098.10014909,164255.496903765,"1687"
207062.641145228,164162.44981987,"1688"
207024.251819328,164071.245538579,"1681"
207169.171995947,165228.650558735,"1689"
207141.589983809,165140.229921906,"1691"
207095.876622052,165062.666394978,"1692"
207106.075074101,164970.053896408,"1693"
207139.229161225,164879.805304099,"1694"
207183.988230568,164797.47080761,"1695"
207178.640317259,164710.45772404,"1683"
207048.111493422,165863.589070749,"1696"
207052.577637592,165765.335092693,"1698"
207030.446369774,165669.376923375,"1699"
207028.472521886,165572.967862765,"1700"
207067.661407543,165487.079983122,"1701"
207104.427949818,165400.057465108,"1702"
207136.053588731,165313.508392446,"1690"
207108.558150918,166304.092295088,"1703"
207106.419987149,166249.813616291,"1705"
207100.963122567,166150.058015462,"1706"
207088.27197969,166051.618770519,"1707"
207051.037258865,165961.238702011,"1697"
206953.077649176,163975.121510694,"29"
207110.178406635,166342.231091595,"1704"
207117.198665926,166425.756361546,"1708"
207329.969166949,167080.77336761,"1710"
207291.691811487,166988.458204361,"1712"
207247.775166711,166898.655249421,"1713"
207208.761906906,166807.289971988,"1714"
207165.144926777,166717.597406189,"1715"
207138.365138379,166623.66638995,"1716"
207131.699681554,166524.555234476,"1709"
207354.498038424,167147.348665078,"1711"
207573.944160703,167667.825259818,"1717"
207611.840738375,167731.399684343,"1718"
207828.969925728,168041.067257022,"1720"
207770.435865724,167980.574442596,"1722"
207716.928350739,167896.786873756,"1723"
207665.546521917,167812.036835076,"1719"
207362.252668576,167182.612610262,"722"
207545.474580332,167643.49612723,"1725"
207511.269711643,167595.903826825,"1726"
207450.989919603,167516.913480874,"1727"
207390.704488802,167441.431315452,"1728"
207374.820853121,167346.456905448,"1729"
207363.049641945,167248.071120033,"1724"
207880.404850127,168096.490036175,"1721"
207981.625981726,168213.530530528,"1731"
207939.389282385,168166.11476521,"1730"
208448.831765112,169136.345696108,"1732"
208006.395331048,168234.61877821,"732"
208121.312196663,168357.0919198,"1734"
208057.387696771,168281.033168497,"1733"
208181.232426331,168435.237312374,"1735"
208459.783179961,168945.352789382,"1737"
208410.549626683,168859.790834696,"1739"
208356.646321488,168776.438024069,"1740"
208304.877131232,168691.625071014,"1741"
208277.077381272,168599.339739792,"1742"
208242.575917721,168509.435118085,"1736"
208453.712882252,169100.789594145,"1743"
208465.781132112,169033.869737737,"1738"
209827.904558825,165886.664140189,"1021"
209810.543258746,165933.462356472,"1744"
209716.6747135,165574.197136521,"1746"
209804.859413017,165825.147916734,"1748"
209789.6345818,165733.335727359,"1749"
209761.823800088,165638.246870888,"1747"
209605.761642531,165330.291605331,"1750"
209735.425296427,165506.569668713,"1752"
209728.003229398,165423.749369746,"1753"
209651.071286115,165361.515748533,"1751"
211420.877526224,168487.513767197,"277"
211704.154608694,168926.465864852,"1755"
211666.667458889,168834.762898876,"1757"
211614.974935433,168751.225242792,"1758"
211559.034458269,168675.506839328,"1759"
211489.691182244,168608.233802208,"1760"
211433.197032395,168536.688558861,"1754"
210735.194842356,169529.496573804,"1761"
210790.994102918,169514.126303235,"1762"
210887.650524298,169488.704363721,"1763"
210984.118968504,169463.006014937,"1764"
211080.604385001,169437.299815104,"1765"
211177.01520217,169411.044151027,"1766"
211273.336884942,169384.91249049,"1767"
211363.175874448,169347.212437795,"1768"
211427.999631119,169272.208876091,"1769"
211483.387691351,169189.161559551,"1770"
211546.437377643,169112.509948511,"1771"
211630.801825453,169069.634421444,"1772"
211701.479216318,169009.740787352,"1756"
209454.340588797,164954.763553167,"1773"
209543.662532738,165189.979406125,"1775"
209507.552116726,165112.1109811,"1777"
209496.758376709,165023.537863167,"1774"
209594.723913408,165322.629149168,"1778"
209563.335331774,165277.389832292,"1776"
209791.166508893,165990.178398009,"1745"
209835.101971941,166462.446560634,"1780"
209813.651300668,166365.107199191,"1782"
209787.774449003,166269.669803211,"1783"
209777.958668385,166172.208205261,"1784"
209768.766536003,166077.265674181,"1779"
210080.579574454,166961.511590167,"1785"
210002.823211789,166910.512789677,"1787"
209944.949384225,166833.737584963,"1788"
209896.520338839,166747.455080072,"1789"
209863.237887206,166655.52746829,"1790"
209854.975602674,166560.028458874,"1781"
210142.072389381,166987.44787809,"1786"
209433.353080549,163586.362007202,"1378"
209460.773488666,163847.458921448,"1793"
209450.825662567,163749.103431419,"1795"
209432.30038974,163652.364260531,"1792"
209438.949204675,163934.117434931,"1794"
209429.967345449,164568.615179799,"1797"
209447.343397272,164471.670416654,"1799"
209423.542657396,164396.368761686,"1800"
209405.325207822,164304.584107309,"1801"
209400.312810258,164208.292468499,"1802"
209410.876323354,164114.893089508,"1803"
209418.569792455,164026.655330602,"1796"
209420.944616258,164914.015370321,"1804"
209404.776617562,164852.250927886,"1805"
209393.145250362,164755.625912572,"1806"
209397.194601729,164662.307479528,"1798"
210700.554115945,170088.48142901,"501"
210466.137355837,170104.198572465,"1808"
210524.082928778,170112.397536572,"1809"
210619.998347256,170115.752760099,"1807"
210205.120361036,167000.373804111,"1791"
210465.08308436,167077.078349806,"1811"
210372.516723156,167049.638294871,"1813"
210284.112677001,167026.660812356,"1810"
210711.181421607,167225.160358451,"1814"
210628.746810644,167175.663569461,"1816"
210547.437482507,167129.431529496,"1812"
210948.109204736,167753.502112365,"1817"
210916.668015818,167671.821021849,"1819"
210838.072300497,167613.00694568,"1820"
210765.704376646,167550.088902572,"1821"
210727.674319682,167476.718704215,"1822"
210754.244255826,167404.191469961,"1823"
210822.66799608,167331.979950523,"1824"
210797.800665229,167273.612650235,"1815"
210832.447357566,168066.905500826,"1825"
210831.940727211,168007.477715706,"1826"
210881.462207681,167931.04224876,"1827"
210932.171704215,167851.722860872,"1818"
204978.538599148,172249.566810558,"780"
205484.41735839,171565.183741738,"515"
205467.148544909,171629.071498157,"520"
207553.639649068,163165.420827349,"1664"
206289.292908026,167927.635324822,"1497"
206895.626396617,161249.112662428,"825"
203818.392655697,164387.817216187,"1296"
208047.987753087,169302.804720412,"1514"
210178.467612342,167551.259717324,"1014"
207134.09909476,160553.321309786,"1646"
203768.323521071,157223.524229623,"1260"
206971.96314261,163613.320765325,"1673"
205430.065120891,166469.666278995,"1483"
210490.03844186,170062.869143655,"1343"
205911.370782546,167241.071253606,"1454"
213556.171020858,170182.917184165,"10"
210742.495663937,168666.619958436,"1146"
214290.934929916,169657.912176983,"479"
205847.681805193,170571.146000486,"103"
210029.034013427,160703.519433488,"1028"
209144.917937249,158657.728699604,"957"
208951.549347479,162662.374736205,"5"
204448.728166286,164904.313295345,"351"
207091.911269747,160464.939060834,"1643"
205761.509658835,167086.953672691,"704"
204935.383774027,172251.098820083,"783"
207585.704167516,172574.744353282,"1162"
206976.539257069,172061.493477755,"740"
207056.674757985,160714.098764019,"1650"
213759.712790924,170716.933704738,"697"
207120.274016047,170890.710192145,"831"
203144.280528232,164354.800215901,"1293"
206961.664814994,161291.814470142,"1630"
206941.370979971,161237.228777007,"1628"
208642.209719604,159213.378999262,"971"
204548.617828376,158930.078450581,"1224"
212336.000743529,169075.266230265,"1908"
